sample,fastq_1,fastq_2,replicate
AkaaF3Ctrl,/homes/users/eharney/scratch/Nextflow_exprmnt/fastq/P1_C_1_15865AAC_CGGAGCCT-ATAGCCTT_Tech1_R1.fastq.gz,/homes/users/eharney/scratch/Nextflow_exprmnt/fastq/P1_C_1_15865AAC_CGGAGCCT-ATAGCCTT_Tech1_R2.fastq.gz,1
AkaaF3Ctrl,/homes/users/eharney/scratch/Nextflow_exprmnt/fastq/P1_C_1_15865AAC_CGGAGCCT-ATAGCCTT_Tech2_R1.fastq.gz,/homes/users/eharney/scratch/Nextflow_exprmnt/fastq/P1_C_1_15865AAC_CGGAGCCT-ATAGCCTT_Tech2_R2.fastq.gz,1
AkaaF3Ctrl,/homes/users/eharney/scratch/Nextflow_exprmnt/fastq/P1_C_2_15866AAC_TACGCTGC-TAAGGCTC_Tech1_R1.fastq.gz,/homes/users/eharney/scratch/Nextflow_exprmnt/fastq/P1_C_2_15866AAC_TACGCTGC-TAAGGCTC_Tech1_R2.fastq.gz,2
AkaaF3Ctrl,/homes/users/eharney/scratch/Nextflow_exprmnt/fastq/P1_C_2_15866AAC_TACGCTGC-TAAGGCTC_Tech2_R1.fastq.gz,/homes/users/eharney/scratch/Nextflow_exprmnt/fastq/P1_C_2_15866AAC_TACGCTGC-TAAGGCTC_Tech2_R2.fastq.gz,2
AkaaF3Ctrl,/homes/users/eharney/scratch/Nextflow_exprmnt/fastq/P1_C_3_15867AAC_ATGCGCAG-TCGCATAA_Tech1_R1.fastq.gz,/homes/users/eharney/scratch/Nextflow_exprmnt/fastq/P1_C_3_15867AAC_ATGCGCAG-TCGCATAA_Tech1_R2.fastq.gz,3
AkaaF3Ctrl,/homes/users/eharney/scratch/Nextflow_exprmnt/fastq/P1_C_3_15867AAC_ATGCGCAG-TCGCATAA_Tech2_R1.fastq.gz,/homes/users/eharney/scratch/Nextflow_exprmnt/fastq/P1_C_3_15867AAC_ATGCGCAG-TCGCATAA_Tech2_R2.fastq.gz,3
AkaaF3Heat,/homes/users/eharney/scratch/Nextflow_exprmnt/fastq/P1_T_1_15868AAC_TAGCGCTC-TGCGCGTT_Tech1_R1.fastq.gz,/homes/users/eharney/scratch/Nextflow_exprmnt/fastq/P1_T_1_15868AAC_TAGCGCTC-TGCGCGTT_Tech1_R2.fastq.gz,1
AkaaF3Heat,/homes/users/eharney/scratch/Nextflow_exprmnt/fastq/P1_T_1_15868AAC_TAGCGCTC-TGCGCGTT_Tech2_R1.fastq.gz,/homes/users/eharney/scratch/Nextflow_exprmnt/fastq/P1_T_1_15868AAC_TAGCGCTC-TGCGCGTT_Tech2_R2.fastq.gz,1
AkaaF3Heat,/homes/users/eharney/scratch/Nextflow_exprmnt/fastq/P1_T_2_15869AAC_ACTGAGCG-TAGAGCCT_Tech1_R1.fastq.gz,/homes/users/eharney/scratch/Nextflow_exprmnt/fastq/P1_T_2_15869AAC_ACTGAGCG-TAGAGCCT_Tech1_R2.fastq.gz,2
AkaaF3Heat,/homes/users/eharney/scratch/Nextflow_exprmnt/fastq/P1_T_2_15869AAC_ACTGAGCG-TAGAGCCT_Tech2_R1.fastq.gz,/homes/users/eharney/scratch/Nextflow_exprmnt/fastq/P1_T_2_15869AAC_ACTGAGCG-TAGAGCCT_Tech2_R2.fastq.gz,2
AkaaF3Heat,/homes/users/eharney/scratch/Nextflow_exprmnt/fastq/P1_T_3_15870AAC_CCTAAGAC-TCCAGACT_Tech1_R1.fastq.gz,/homes/users/eharney/scratch/Nextflow_exprmnt/fastq/P1_T_3_15870AAC_CCTAAGAC-TCCAGACT_Tech1_R2.fastq.gz,3
AkaaF3Heat,/homes/users/eharney/scratch/Nextflow_exprmnt/fastq/P1_T_3_15870AAC_CCTAAGAC-TCCAGACT_Tech2_R1.fastq.gz,/homes/users/eharney/scratch/Nextflow_exprmnt/fastq/P1_T_3_15870AAC_CCTAAGAC-TCCAGACT_Tech2_R2.fastq.gz,3
ManzF3Ctrl,/homes/users/eharney/scratch/Nextflow_exprmnt/fastq/P2_C_1_15958AAC_CGATCAGT-ATCCTATG_Tech1_R1.fastq.gz,/homes/users/eharney/scratch/Nextflow_exprmnt/fastq/P2_C_1_15958AAC_CGATCAGT-ATCCTATG_Tech1_R2.fastq.gz,1
ManzF3Ctrl,/homes/users/eharney/scratch/Nextflow_exprmnt/fastq/P2_C_1_15958AAC_CGATCAGT-ATCCTATG_Tech2_R1.fastq.gz,/homes/users/eharney/scratch/Nextflow_exprmnt/fastq/P2_C_1_15958AAC_CGATCAGT-ATCCTATG_Tech2_R2.fastq.gz,1
ManzF3Ctrl,/homes/users/eharney/scratch/Nextflow_exprmnt/fastq/P2_C_2_15959AAC_TGCAGCTA-GATCTACG_Tech1_R1.fastq.gz,/homes/users/eharney/scratch/Nextflow_exprmnt/fastq/P2_C_2_15959AAC_TGCAGCTA-GATCTACG_Tech1_R2.fastq.gz,2
ManzF3Ctrl,/homes/users/eharney/scratch/Nextflow_exprmnt/fastq/P2_C_2_15959AAC_TGCAGCTA-GATCTACG_Tech2_R1.fastq.gz,/homes/users/eharney/scratch/Nextflow_exprmnt/fastq/P2_C_2_15959AAC_TGCAGCTA-GATCTACG_Tech2_R2.fastq.gz,2
ManzF3Ctrl,/homes/users/eharney/scratch/Nextflow_exprmnt/fastq/P2_C_3_15960AAC_TCGACGTC-GCTAGAAG_Tech1_R1.fastq.gz,/homes/users/eharney/scratch/Nextflow_exprmnt/fastq/P2_C_3_15960AAC_TCGACGTC-GCTAGAAG_Tech1_R2.fastq.gz,3
ManzF3Ctrl,/homes/users/eharney/scratch/Nextflow_exprmnt/fastq/P2_C_3_15960AAC_TCGACGTC-GCTAGAAG_Tech2_R1.fastq.gz,/homes/users/eharney/scratch/Nextflow_exprmnt/fastq/P2_C_3_15960AAC_TCGACGTC-GCTAGAAG_Tech2_R2.fastq.gz,3
ManzF3Heat,/homes/users/eharney/scratch/Nextflow_exprmnt/fastq/P2_T_1_15961AAC_ACTTCGTT-CTTAGTTC_Tech1_R1.fastq.gz,/homes/users/eharney/scratch/Nextflow_exprmnt/fastq/P2_T_1_15961AAC_ACTTCGTT-CTTAGTTC_Tech1_R2.fastq.gz,1
ManzF3Heat,/homes/users/eharney/scratch/Nextflow_exprmnt/fastq/P2_T_1_15961AAC_ACTTCGTT-CTTAGTTC_Tech2_R1.fastq.gz,/homes/users/eharney/scratch/Nextflow_exprmnt/fastq/P2_T_1_15961AAC_ACTTCGTT-CTTAGTTC_Tech2_R2.fastq.gz,1
ManzF3Heat,/homes/users/eharney/scratch/Nextflow_exprmnt/fastq/P2_T_2_15962AAC_GCTTAGGT-GCTGCTTC_Tech1_R1.fastq.gz,/homes/users/eharney/scratch/Nextflow_exprmnt/fastq/P2_T_2_15962AAC_GCTTAGGT-GCTGCTTC_Tech1_R2.fastq.gz,2
ManzF3Heat,/homes/users/eharney/scratch/Nextflow_exprmnt/fastq/P2_T_2_15962AAC_GCTTAGGT-GCTGCTTC_Tech2_R1.fastq.gz,/homes/users/eharney/scratch/Nextflow_exprmnt/fastq/P2_T_2_15962AAC_GCTTAGGT-GCTGCTTC_Tech2_R2.fastq.gz,2
ManzF3Heat,/homes/users/eharney/scratch/Nextflow_exprmnt/fastq/P2_T_3_15963AAC_CCGGTTCT-ACGACTTC_Tech1_R1.fastq.gz,/homes/users/eharney/scratch/Nextflow_exprmnt/fastq/P2_T_3_15963AAC_CCGGTTCT-ACGACTTC_Tech1_R2.fastq.gz,3
ManzF3Heat,/homes/users/eharney/scratch/Nextflow_exprmnt/fastq/P2_T_3_15963AAC_CCGGTTCT-ACGACTTC_Tech2_R1.fastq.gz,/homes/users/eharney/scratch/Nextflow_exprmnt/fastq/P2_T_3_15963AAC_CCGGTTCT-ACGACTTC_Tech2_R2.fastq.gz,3
AkaaF6Ctrl,/homes/users/eharney/scratch/Nextflow_exprmnt/fastq/Q1_C_1_03715AAD_TAAGGCGA-GCGATCTA_R1_001.fastq.gz,/homes/users/eharney/scratch/Nextflow_exprmnt/fastq/Q1_C_1_03715AAD_TAAGGCGA-GCGATCTA_R2_001.fastq.gz,1
AkaaF6Ctrl,/homes/users/eharney/scratch/Nextflow_exprmnt/fastq/Q1_C_2_03716AAD_CGTACTAG-ATAGAGAG_R1_001.fastq.gz,/homes/users/eharney/scratch/Nextflow_exprmnt/fastq/Q1_C_2_03716AAD_CGTACTAG-ATAGAGAG_R2_001.fastq.gz,2
AkaaF6Ctrl,/homes/users/eharney/scratch/Nextflow_exprmnt/fastq/Q1_C_3_03717AAD_AGGCAGAA-AGAGGATA_R1_001.fastq.gz,/homes/users/eharney/scratch/Nextflow_exprmnt/fastq/Q1_C_3_03717AAD_AGGCAGAA-AGAGGATA_R2_001.fastq.gz,3
AkaaF6HSan,/homes/users/eharney/scratch/Nextflow_exprmnt/fastq/Q1_T_1_03718AAD_TCCTGAGC-TCTACTCT_R1_001.fastq.gz,/homes/users/eharney/scratch/Nextflow_exprmnt/fastq/Q1_T_1_03718AAD_TCCTGAGC-TCTACTCT_R2_001.fastq.gz,1
AkaaF6HSan,/homes/users/eharney/scratch/Nextflow_exprmnt/fastq/Q1_T_2_03719AAD_GGACTCCT-CTCCTTAC_R1_001.fastq.gz,/homes/users/eharney/scratch/Nextflow_exprmnt/fastq/Q1_T_2_03719AAD_GGACTCCT-CTCCTTAC_R2_001.fastq.gz,2
AkaaF6HSan,/homes/users/eharney/scratch/Nextflow_exprmnt/fastq/Q1_T_3_03720AAD_TAGGCATG-TATGCAGT_R1_001.fastq.gz,/homes/users/eharney/scratch/Nextflow_exprmnt/fastq/Q1_T_3_03720AAD_TAGGCATG-TATGCAGT_R2_001.fastq.gz,3
ManzF6Ctrl,/homes/users/eharney/scratch/Nextflow_exprmnt/fastq/Q2_C_1_03721AAD_CTCTCTAC-TACTCCTT_R1_001.fastq.gz,/homes/users/eharney/scratch/Nextflow_exprmnt/fastq/Q2_C_1_03721AAD_CTCTCTAC-TACTCCTT_R2_001.fastq.gz,1
ManzF6Ctrl,/homes/users/eharney/scratch/Nextflow_exprmnt/fastq/Q2_C_2_03722AAD_CGAGGCTG-AGGCTTAG_R1_001.fastq.gz,/homes/users/eharney/scratch/Nextflow_exprmnt/fastq/Q2_C_2_03722AAD_CGAGGCTG-AGGCTTAG_R2_001.fastq.gz,2
ManzF6Ctrl,/homes/users/eharney/scratch/Nextflow_exprmnt/fastq/Q2_C_3_03723AAD_AAGAGGCA-ATTAGACG_R1_001.fastq.gz,/homes/users/eharney/scratch/Nextflow_exprmnt/fastq/Q2_C_3_03723AAD_AAGAGGCA-ATTAGACG_R2_001.fastq.gz,3
ManzF6HSan,/homes/users/eharney/scratch/Nextflow_exprmnt/fastq/Q2_T_1_03724AAD_GTAGAGGA-CGGAGAGA_R1_001.fastq.gz,/homes/users/eharney/scratch/Nextflow_exprmnt/fastq/Q2_T_1_03724AAD_GTAGAGGA-CGGAGAGA_R2_001.fastq.gz,1
ManzF6HSan,/homes/users/eharney/scratch/Nextflow_exprmnt/fastq/Q2_T_2_03725AAD_GCTCATGA-CTAGTCGA_R1_001.fastq.gz,/homes/users/eharney/scratch/Nextflow_exprmnt/fastq/Q2_T_2_03725AAD_GCTCATGA-CTAGTCGA_R2_001.fastq.gz,2
ManzF6HSan,/homes/users/eharney/scratch/Nextflow_exprmnt/fastq/Q2_T_3_03726AAD_ATCTCAGG-AGCTAGAA_R1_001.fastq.gz,/homes/users/eharney/scratch/Nextflow_exprmnt/fastq/Q2_T_3_03726AAD_ATCTCAGG-AGCTAGAA_R2_001.fastq.gz,3
